{
	"hud_lives_icon_S3_knuckles":  { "File": "hud_life_sprites.png", "Rect": "0,113,48,15", "Center": "0,-1" },
	"hud_lives_icon_miles":  { "File": "hud_life_sprites.png", "Rect": "0,65,48,15", "Center": "0,-1" },
	"hud_lives_icon_S3_tails":  { "File": "hud_life_sprites.png", "Rect": "2,97,46,15", "Center": "-2,-1" },
	"hud_lives_icon_S3_sonic":  { "File": "hud_life_sprites.png", "Rect": "0,80,48,16", "Center": "0,0" },
	"hud_lives_icon_sonic":  { "File": "hud_life_sprites.png", "Rect": "0,16,48,16", "Center": "0,0" },
	"hud_lives_icon_tails":  { "File": "hud_life_sprites.png", "Rect": "0,33,48,15", "Center": "0,-1" },
	"hud_lives_icon_knuckles":  { "File": "hud_life_sprites.png", "Rect": "0,49,48,15", "Center": "0,-1" },
	"hud_smalldigit_0":  { "File": "hud_life_sprites.png", "Rect": "1,0,8,8", "Center": "0,0" },
	"hud_smalldigit_1":  { "File": "hud_life_sprites.png", "Rect": "9,0,6,8", "Center": "-1,0" },
	"hud_smalldigit_2":  { "File": "hud_life_sprites.png", "Rect": "16,0,8,8", "Center": "0,0" },
	"hud_smalldigit_3":  { "File": "hud_life_sprites.png", "Rect": "25,0,8,8", "Center": "0,0" },
	"hud_smalldigit_4":  { "File": "hud_life_sprites.png", "Rect": "33,0,8,8", "Center": "0,0" },
	"hud_smalldigit_5":  { "File": "hud_life_sprites.png", "Rect": "0,8,8,8", "Center": "0,0" },
	"hud_smalldigit_6":  { "File": "hud_life_sprites.png", "Rect": "8,8,8,8", "Center": "0,0" },
	"hud_smalldigit_7":  { "File": "hud_life_sprites.png", "Rect": "16,8,8,8", "Center": "0,0" },
	"hud_smalldigit_8":  { "File": "hud_life_sprites.png", "Rect": "25,8,8,8", "Center": "0,0" },
	"hud_smalldigit_9":  { "File": "hud_life_sprites.png", "Rect": "33,8,8,8", "Center": "0,0" },
	"hud_lives_icon_slot30":  { "File": "ES_hud_life_sprites.png", "Rect": "1,120,49,16", "Center": "0,0" },
	"hud_lives_icon_slot91":  { "File": "ES_hud_life_sprites.png", "Rect": "0,36,48,15", "Center": "0,-1" },
	"hud_name_shadow":  { "File": "ES_hud_life_sprites.png", "Rect": "18,87,31,15", "Center": "-16,-1" },
	"hud_lives_icon_slot5Mephiles":  { "File": "ES_hud_life_sprites_palettes.png", "Rect": "0,128,17,16", "Center": "-1,0" },
	"hud_lives_icon_slot5":  { "File": "ES_hud_life_sprites.png", "Rect": "1,86,17,16", "Center": "-1,0" },
	"hud_lives_icon_undertale":  { "File": "ES_hud_life_sprites_palettes.png", "Rect": "48,112,49,16", "Center": "0,0" },
	"hud_lives_icon_lambert_cherry":  { "File": "ES_hud_life_sprites_palettes.png", "Rect": "48,96,49,16", "Center": "0,0" },
	"hud_lives_icon_wild_berry":  { "File": "ES_hud_life_sprites_palettes.png", "Rect": "48,80,49,16", "Center": "0,0" },
	"hud_lives_icon_blood_orange":  { "File": "ES_hud_life_sprites.png", "Rect": "0,0,49,16", "Center": "0,0" },
	"hud_lives_icon_Knuxred":  { "File": "ES_hud_life_sprites_palettes.png", "Rect": "48,64,49,16", "Center": "0,0" },
	"hud_lives_icon_mania":  { "File": "ES_hud_life_sprites_palettes.png", "Rect": "48,48,49,16", "Center": "0,0" },
	"hud_lives_icon_chaotix":  { "File": "ES_hud_life_sprites_palettes.png", "Rect": "48,32,49,16", "Center": "0,0" },
	"hud_lives_icon_segasonic":  { "File": "ES_hud_life_sprites_palettes.png", "Rect": "48,16,49,16", "Center": "0,0" },
	"hud_lives_icon_S3_undertale":  { "File": "ES_hud_life_sprites_palettes.png", "Rect": "0,112,48,16", "Center": "0,0" },
	"hud_lives_icon_S3_blood_orange":  { "File": "ES_hud_life_sprites.png", "Rect": "1,69,48,16", "Center": "0,0" },
	"hud_lives_icon_S3_lambert_cherry":  { "File": "ES_hud_life_sprites_palettes.png", "Rect": "0,96,48,16", "Center": "0,0" },
	"hud_lives_icon_S3_wild_berry":  { "File": "ES_hud_life_sprites_palettes.png", "Rect": "0,80,48,16", "Center": "0,0" },
	"hud_lives_icon_S3_Knuxred":  { "File": "ES_hud_life_sprites_palettes.png", "Rect": "0,64,48,16", "Center": "0,0" },
	"hud_lives_icon_S3_mania":  { "File": "ES_hud_life_sprites_palettes.png", "Rect": "0,48,48,16", "Center": "0,0" },
	"hud_lives_icon_S3_chaotix":  { "File": "ES_hud_life_sprites_palettes.png", "Rect": "0,32,48,16", "Center": "0,0" },
	"hud_lives_icon_S3_segasonic":  { "File": "ES_hud_life_sprites_palettes.png", "Rect": "0,16,48,16", "Center": "0,0" },
	"hud_lives_icon_S3_ultimate":  { "File": "ES_hud_life_sprites_palettes.png", "Rect": "0,0,48,16", "Center": "0,0" },
	"hud_lives_icon_U":  { "File": "ES_hud_life_sprites_palettes.png", "Rect": "144,144,48,18", "Center": "0,1" },
	"hud_lives_icon_HW":  { "File": "ES_hud_life_sprites_palettes.png", "Rect": "144,126,48,18", "Center": "0,1" },
	"hud_lives_icon_banana":  { "File": "ES_hud_life_sprites_palettes.png", "Rect": "144,108,48,18", "Center": "0,1" },
	"hud_lives_icon_guava":  { "File": "ES_hud_life_sprites_palettes.png", "Rect": "144,90,48,18", "Center": "0,1" },
	"hud_lives_icon_apricot":  { "File": "ES_hud_life_sprites_palettes.png", "Rect": "144,72,48,18", "Center": "0,1" },
	"hud_lives_icon_GD":  { "File": "ES_hud_life_sprites_palettes.png", "Rect": "144,54,48,18", "Center": "0,1" },
	"hud_lives_icon_acorn":  { "File": "ES_hud_life_sprites_palettes.png", "Rect": "144,36,48,18", "Center": "0,1" },
	"hud_lives_icon_Mania":  { "File": "ES_hud_life_sprites_palettes.png", "Rect": "144,18,48,18", "Center": "0,1" },
	"hud_lives_icon_ss":  { "File": "ES_hud_life_sprites_palettes.png", "Rect": "144,0,48,18", "Center": "0,1" },
	"hud_lives_icon_s3":  { "File": "ES_hud_life_sprites.png", "Rect": "0,17,50,18", "Center": "0,1" },
	"hud_lives_icon_R_Mania":  { "File": "ES_hud_life_sprites_palettes.png", "Rect": "97,16,47,16", "Center": "0,0" },
	"hud_lives_icon_R_ss":  { "File": "ES_hud_life_sprites_palettes.png", "Rect": "97,0,47,16", "Center": "0,0" },
	"hud_lives_icon_R_s3":  { "File": "ES_hud_life_sprites.png", "Rect": "2,52,47,16", "Center": "0,0" },
	"hud_lives_icon_R_acorn":  { "File": "ES_hud_life_sprites_palettes.png", "Rect": "97,32,47,16", "Center": "0,0" },
	"hud_lives_icon_R_GD":  { "File": "ES_hud_life_sprites_palettes.png", "Rect": "97,48,47,16", "Center": "0,0" },
	"hud_lives_icon_R_apricot":  { "File": "ES_hud_life_sprites_palettes.png", "Rect": "97,64,47,16", "Center": "0,0" },
	"hud_lives_icon_R_guava":  { "File": "ES_hud_life_sprites_palettes.png", "Rect": "97,80,47,16", "Center": "0,0" },
	"hud_lives_icon_R_banana":  { "File": "ES_hud_life_sprites_palettes.png", "Rect": "97,96,47,16", "Center": "0,0" },
	"hud_lives_icon_R_HW":  { "File": "ES_hud_life_sprites_palettes.png", "Rect": "97,112,47,16", "Center": "0,0" },
	"hud_lives_icon_R_U":  { "File": "ES_hud_life_sprites_palettes.png", "Rect": "97,128,47,16", "Center": "0,0" }
}