{
	"hud_lives_icon_knuckles_s3":  { "File": "hud_life_sprites.png", "Rect": "51,116,50,16", "Center": "-1,-1" },
	"hud_lives_icon_miles_s3":  { "File": "hud_life_sprites.png", "Rect": "53,131,50,16", "Center": "-2,0" },
	"hud_lives_icon_tails_s3":  { "File": "hud_life_sprites.png", "Rect": "53,100,50,16", "Center": "-2,-1" },
	"hud_lives_icon_sonic_s3":  { "File": "hud_life_sprites.png", "Rect": "50,83,54,16", "Center": "-1,0" },
	"hud_lives_icon_slot91":  { "File": "hud_life_sprites.png", "Rect": "51,16,51,15", "Center": "0,0" },
	"hud_name_shadow":  { "File": "hud_life_sprites.png", "Rect": "67,66,43,16", "Center": "-15,0" },
	"hud_lives_icon_slot5":  { "File": "hud_life_sprites.png", "Rect": "50,66,17,16", "Center": "-1,0" },
	"hud_lives_icon_Mania_Ray":  { "File": "hud_life_sprites.png", "Rect": "111,17,48,18", "Center": "1,0" },
	"hud_lives_icon_Mania":  { "File": "hud_life_sprites.png", "Rect": "110,0,50,16", "Center": "3,0" },
	"hud_lives_icon_S3":  { "File": "hud_life_sprites.png", "Rect": "50,49,49,16", "Center": "1,0" },
	"hud_lives_icon_S3_Ray":  { "File": "hud_life_sprites.png", "Rect": "51,32,47,16", "Center": "-1,0" },
	"hud_lives_icon_sonic":  { "File": "hud_life_sprites.png", "Rect": "0,16,48,16", "Center": "0,0" },
	"hud_lives_icon_tails":  { "File": "hud_life_sprites.png", "Rect": "0,32,48,16", "Center": "0,0" },
	"hud_lives_icon_knuckles":  { "File": "hud_life_sprites.png", "Rect": "0,48,48,16", "Center": "0,0" },
	"hud_lives_icon_miles":  { "File": "hud_life_sprites.png", "Rect": "0,64,48,16", "Center": "0,0" },
	"hud_smalldigit_0":  { "File": "hud_life_sprites.png", "Rect": "1,0,8,8", "Center": "0,0" },
	"hud_smalldigit_1":  { "File": "hud_life_sprites.png", "Rect": "9,0,6,8", "Center": "0,0" },
	"hud_smalldigit_2":  { "File": "hud_life_sprites.png", "Rect": "16,0,8,8", "Center": "0,0" },
	"hud_smalldigit_3":  { "File": "hud_life_sprites.png", "Rect": "25,0,8,8", "Center": "0,0" },
	"hud_smalldigit_4":  { "File": "hud_life_sprites.png", "Rect": "33,0,8,8", "Center": "0,0" },
	"hud_smalldigit_5":  { "File": "hud_life_sprites.png", "Rect": "0,8,8,8", "Center": "0,0" },
	"hud_smalldigit_6":  { "File": "hud_life_sprites.png", "Rect": "8,8,8,8", "Center": "0,0" },
	"hud_smalldigit_7":  { "File": "hud_life_sprites.png", "Rect": "16,8,8,8", "Center": "0,0" },
	"hud_smalldigit_8":  { "File": "hud_life_sprites.png", "Rect": "25,8,8,8", "Center": "0,0" },
	"hud_smalldigit_9":  { "File": "hud_life_sprites.png", "Rect": "33,8,8,8", "Center": "0,0" }
}