{
	"hud_text_score":  { "File": "hud_text_sprites.png", "Rect": "2,0,47,8", "Center": "3,0" },
	"hud_text_time":  { "File": "hud_text_sprites.png", "Rect": "1,12,39,8", "Center": "2,0" },
	"hud_text_time_red":  { "File": "hud_text_sprites.png", "Rect": "128,97,39,4", "Center": "2,-2" },
	"hud_text_rings":  { "File": "hud_text_sprites.png", "Rect": "2,24,47,8", "Center": "3,0" },
	"hud_text_rings_red":  { "File": "hud_text_sprites.png", "Rect": "124,90,47,4", "Center": "3,-2" },
	"hud_text_ring":  { "File": "hud_text_sprites.png", "Rect": "129,79,40,8", "Center": "2,0" },
	"hud_text_bonus":  { "File": "hud_text_sprites.png", "Rect": "2,36,47,8", "Center": "0,0" },
	"hud_text_total":  { "File": "hud_text_sprites.png", "Rect": "4,48,40,8", "Center": "2,0" },
	"hud_text_score_chaosstage":  { "File": "hud_text_sprites.png", "Rect": "50,0,40,8", "Center": "-2,0" },
	"hud_text_ring_chaosstage":  { "File": "hud_text_sprites.png", "Rect": "51,12,32,8", "Center": "-6,0" },
	"hud_text_bonus_chaosstage":  { "File": "hud_text_sprites.png", "Rect": "51,24,40,8", "Center": "-3,0" },
	"hud_text_perfect_chaosstage":  { "File": "hud_text_sprites.png", "Rect": "50,36,54,8", "Center": "-5,0" },
	"hud_text_continue_chaosstage":  { "File": "hud_text_sprites.png", "Rect": "48,48,64,8", "Center": "-3,0" },
	"hud_text_score_superstage":  { "File": "hud_text_sprites.png", "Rect": "113,0,40,8", "Center": "-2,0" },
	"hud_text_ring_superstage":  { "File": "hud_text_sprites.png", "Rect": "114,12,32,8", "Center": "-2,0" },
	"hud_text_bonus_superstage":  { "File": "hud_text_sprites.png", "Rect": "114,24,40,8", "Center": "-2,0" },
	"hud_text_perfect_superstage":  { "File": "hud_text_sprites.png", "Rect": "114,36,54,8", "Center": "-2,0" },
	"hud_text_continue_superstage":  { "File": "hud_text_sprites.png", "Rect": "112,48,63,8", "Center": "-2,0" },
	"hud_bonus_icon_blue":  { "File": "hud_text_sprites.png", "Rect": "3,62,16,16", "Center": "5,0" },
	"hud_bonus_icon_orange":  { "File": "hud_text_sprites.png", "Rect": "19,62,16,16", "Center": "5,0" },
	"hud_bonus_icon_red":  { "File": "hud_text_sprites.png", "Rect": "35,62,16,16", "Center": "5,0" },
	"hud_digit_0":  { "File": "hud_text_sprites.png", "Rect": "6,108,8,8", "Center": "0,0" },
	"hud_digit_1":  { "File": "hud_text_sprites.png", "Rect": "15,108,4,8", "Center": "-2,0" },
	"hud_digit_2":  { "File": "hud_text_sprites.png", "Rect": "21,108,8,8", "Center": "0,0" },
	"hud_digit_3":  { "File": "hud_text_sprites.png", "Rect": "30,108,8,8", "Center": "0,0" },
	"hud_digit_4":  { "File": "hud_text_sprites.png", "Rect": "38,108,7,8", "Center": "0,0" },
	"hud_digit_5":  { "File": "hud_text_sprites.png", "Rect": "45,108,8,8", "Center": "0,0" },
	"hud_digit_6":  { "File": "hud_text_sprites.png", "Rect": "53,108,8,8", "Center": "0,0" },
	"hud_digit_7":  { "File": "hud_text_sprites.png", "Rect": "62,108,7,8", "Center": "-1,0" },
	"hud_digit_8":  { "File": "hud_text_sprites.png", "Rect": "69,108,8,8", "Center": "0,0" },
	"hud_digit_9":  { "File": "hud_text_sprites.png", "Rect": "77,108,8,8", "Center": "0,0" },
	"hud_digit_0_chaosstage":  { "File": "hud_text_sprites.png", "Rect": "6,120,8,8", "Center": "0,0" },
	"hud_digit_1_chaosstage":  { "File": "hud_text_sprites.png", "Rect": "15,120,4,8", "Center": "-2,0" },
	"hud_digit_2_chaosstage":  { "File": "hud_text_sprites.png", "Rect": "21,120,8,8", "Center": "0,0" },
	"hud_digit_3_chaosstage":  { "File": "hud_text_sprites.png", "Rect": "30,120,8,8", "Center": "0,0" },
	"hud_digit_4_chaosstage":  { "File": "hud_text_sprites.png", "Rect": "38,120,7,8", "Center": "0,0" },
	"hud_digit_5_chaosstage":  { "File": "hud_text_sprites.png", "Rect": "45,120,8,8", "Center": "0,0" },
	"hud_digit_6_chaosstage":  { "File": "hud_text_sprites.png", "Rect": "53,120,8,8", "Center": "0,0" },
	"hud_digit_7_chaosstage":  { "File": "hud_text_sprites.png", "Rect": "62,120,7,8", "Center": "-1,0" },
	"hud_digit_8_chaosstage":  { "File": "hud_text_sprites.png", "Rect": "69,120,8,8", "Center": "0,0" },
	"hud_digit_9_chaosstage":  { "File": "hud_text_sprites.png", "Rect": "77,120,8,8", "Center": "0,0" },
	"hud_char_colon":  { "File": "hud_text_sprites.png", "Rect": "86,108,8,12", "Center": "0,0" },
	"hud_char_minutes":  { "File": "hud_text_sprites.png", "Rect": "94,107,8,12", "Center": "-2,0" },
	"hud_char_seconds":  { "File": "hud_text_sprites.png", "Rect": "102,107,8,12", "Center": "-1,0" },
	"continue_icon_sonic":  { "File": "hud_text_sprites.png", "Rect": "7,80,20,24", "Center": "12,24" },
	"continue_icon_tails":  { "File": "hud_text_sprites.png", "Rect": "27,80,20,24", "Center": "10,24" },
	"5hud_bonus_icon_blue":  { "File": "ES_hud_result_sprites.png", "Rect": "32,0,16,16", "Center": "5,0" },
	"hud_bonus_icon_slot2":  { "File": "ES_hud_result_sprites.png", "Rect": "16,0,16,16", "Center": "5,0" },
	"hud_bonus_icon_blue":  { "File": "ES_hud_result_sprites.png", "Rect": "48,0,16,16", "Center": "0,0" },
	"hud_bonus_icon_Mighty":  { "File": "ES_hud_result_sprites.png", "Rect": "0,0,16,16", "Center": "5,0" },
	"continue_icon_knuckles":  { "File": "hud_text_sprites.png", "Rect": "46,80,20,24", "Center": "9,24" }
}