{
	"hud_text_score":  { "File": "hud_text_sprites.png", "Rect": "0,0,48,12", "Center": "5,0" },
	"hud_text_time":  { "File": "hud_text_sprites.png", "Rect": "0,12,40,12", "Center": "3,0" },
	"hud_text_time_red":  { "File": "hud_text_sprites.png", "Rect": "40,12,1,1", "Center": "0,0" },
	"hud_text_rings":  { "File": "hud_text_sprites.png", "Rect": "0,24,48,12", "Center": "4,0" },
	"hud_text_rings_red":  { "File": "hud_text_sprites.png", "Rect": "40,32,1,1", "Center": "0,0" },
	"hud_text_ring":  { "File": "hud_text_sprites.png", "Rect": "126,79,49,12", "Center": "10,0" },
	"hud_text_bonus":  { "File": "hud_text_sprites.png", "Rect": "0,36,45,12", "Center": "0,0" },
	"hud_text_total":  { "File": "hud_text_sprites.png", "Rect": "0,47,45,12", "Center": "0,1" },
	"hud_text_score_chaosstage":  { "File": "hud_text_sprites.png", "Rect": "49,0,40,12", "Center": "0,0" },
	"hud_text_ring_chaosstage":  { "File": "hud_text_sprites.png", "Rect": "50,12,32,12", "Center": "0,0" },
	"hud_text_bonus_chaosstage":  { "File": "hud_text_sprites.png", "Rect": "49,23,40,12", "Center": "0,1" },
	"hud_text_perfect_chaosstage":  { "File": "hud_text_sprites.png", "Rect": "49,35,56,12", "Center": "0,1" },
	"hud_text_continue_chaosstage":  { "File": "hud_text_sprites.png", "Rect": "47,48,64,12", "Center": "1,0" },
	"hud_text_score_superstage":  { "File": "hud_text_sprites.png", "Rect": "112,0,40,12", "Center": "0,0" },
	"hud_text_ring_superstage":  { "File": "hud_text_sprites.png", "Rect": "113,12,32,12", "Center": "0,0" },
	"hud_text_bonus_superstage":  { "File": "hud_text_sprites.png", "Rect": "113,23,40,12", "Center": "0,1" },
	"hud_text_perfect_superstage":  { "File": "hud_text_sprites.png", "Rect": "113,35,56,12", "Center": "0,1" },
	"hud_text_continue_superstage":  { "File": "hud_text_sprites.png", "Rect": "111,48,64,12", "Center": "1,0" },
	"hud_bonus_icon_blue":  { "File": "hud_text_sprites.png", "Rect": "5,61,12,19", "Center": "0,0" },
	"hud_bonus_icon_orange":  { "File": "hud_text_sprites.png", "Rect": "18,61,12,19", "Center": "0,0" },
	"hud_bonus_icon_red":  { "File": "hud_text_sprites.png", "Rect": "31,61,12,19", "Center": "0,0" },
	"hud_digit_0":  { "File": "hud_text_sprites.png", "Rect": "5,108,8,8", "Center": "3,0" },
	"hud_digit_1":  { "File": "hud_text_sprites.png", "Rect": "14,108,4,8", "Center": "1,0" },
	"hud_digit_2":  { "File": "hud_text_sprites.png", "Rect": "20,108,8,8", "Center": "3,0" },
	"hud_digit_3":  { "File": "hud_text_sprites.png", "Rect": "29,108,8,8", "Center": "3,0" },
	"hud_digit_4":  { "File": "hud_text_sprites.png", "Rect": "37,108,7,8", "Center": "3,0" },
	"hud_digit_5":  { "File": "hud_text_sprites.png", "Rect": "44,108,8,8", "Center": "3,0" },
	"hud_digit_6":  { "File": "hud_text_sprites.png", "Rect": "52,108,8,8", "Center": "3,0" },
	"hud_digit_7":  { "File": "hud_text_sprites.png", "Rect": "61,108,7,8", "Center": "2,0" },
	"hud_digit_8":  { "File": "hud_text_sprites.png", "Rect": "68,108,8,8", "Center": "3,0" },
	"hud_digit_9":  { "File": "hud_text_sprites.png", "Rect": "76,108,8,8", "Center": "3,0" },
	"hud_digit_0_chaosstage":  { "File": "hud_text_sprites.png", "Rect": "5,120,8,8", "Center": "3,0" },
	"hud_digit_1_chaosstage":  { "File": "hud_text_sprites.png", "Rect": "14,120,4,8", "Center": "1,0" },
	"hud_digit_2_chaosstage":  { "File": "hud_text_sprites.png", "Rect": "20,120,8,8", "Center": "3,0" },
	"hud_digit_3_chaosstage":  { "File": "hud_text_sprites.png", "Rect": "29,120,8,8", "Center": "3,0" },
	"hud_digit_4_chaosstage":  { "File": "hud_text_sprites.png", "Rect": "37,120,7,8", "Center": "3,0" },
	"hud_digit_5_chaosstage":  { "File": "hud_text_sprites.png", "Rect": "44,120,8,8", "Center": "3,0" },
	"hud_digit_6_chaosstage":  { "File": "hud_text_sprites.png", "Rect": "52,120,8,8", "Center": "3,0" },
	"hud_digit_7_chaosstage":  { "File": "hud_text_sprites.png", "Rect": "61,120,7,8", "Center": "2,0" },
	"hud_digit_8_chaosstage":  { "File": "hud_text_sprites.png", "Rect": "68,120,8,8", "Center": "3,0" },
	"hud_digit_9_chaosstage":  { "File": "hud_text_sprites.png", "Rect": "76,120,8,8", "Center": "3,0" },
	"hud_char_colon":  { "File": "hud_text_sprites.png", "Rect": "85,108,8,12", "Center": "0,0" },
	"hud_char_minutes":  { "File": "hud_text_sprites.png", "Rect": "93,107,8,12", "Center": "0,0" },
	"hud_char_seconds":  { "File": "hud_text_sprites.png", "Rect": "101,107,8,12", "Center": "2,0" },
	"continue_icon_sonic":  { "File": "hud_text_sprites.png", "Rect": "6,80,20,24", "Center": "12,24" },
	"continue_icon_tails":  { "File": "hud_text_sprites.png", "Rect": "25,80,20,24", "Center": "10,24" },
	"continue_icon_knuckles":  { "File": "hud_text_sprites.png", "Rect": "45,80,20,24", "Center": "9,24" }
}