{
	"Metadata":
	{
		"Name": "shima hud",
		"Author": "plushnoob",
		"Description": "a simple mod that changes the hud to s.t.h.i.o.m.a's hud.",
		"URL": "",
		"ModVersion": "3.0.3.0",
		"GameVersion": "20.04.26.0"
        },
         "Settings":
               {
                    "Settings":
    	            [
						    {
								"InternalName": "shima icons",
								"DisplayName": "icons",
								"Variable": "shimahud_icons",
								"DefaultValue": "0",
								"Category": "The vanilla cast",
								"Options":
								{
									"0": "default",
									"1": "sonic 3"
								}
						    },	
						    {
								"InternalName": "monitor icons",
								"DisplayName": "monitor icons",
								"Variable": "monitor_icons",
								"DefaultValue": "0",
								"Category": "misc",
								"Options":
							    {
									"0": "sonic 3",
									"1": "shima"
							    }

				                    }
				        	
	  	    ]
	      }
}